Branch Name,Address,City
אומן,האומן 15,ירושלים
מרכול האחים ישראל (מחסני מזון),יד חרוצים 18,ירושלים
רמות,דרך החורש 90,ירושלים
מודיעין ישן,,מודיעין עילית
רב מכר,הפרסה 3,ירושלים
מישור אדומים,איתם 1,מעלה אדומים
קניון מבשרת רמי לוי החדש,שד החוצבים 10,מבשרת ציון
שער בנימין,מרכז מסחרי גבע בנימין,שער בנימין
קסטינה,א.ת באר טוביה ,קסטינה
גבעת שאול,בית הדפוס 13,ירושלים
ביתר עילית,החוזה מלובלין 2,ביתר עילית
טבריה,המברג 1,טבריה
נשר,דרך השלום 13,נשר
איילון בני ברק,מבצע קדש 68,בני ברק
פרדס חנה הישן,תדהר 1,פרדס חנה-כרכור
גבעת שאול מהדרין,כנפי נשרים 26,ירושלים
גוש עציון,,
ראש העין,א.ת לב הארץ,ראש העין
עפולה,חנקין יהושע 14,עפולה
באר שבע,"הע""ל 7",באר שבע
אשדוד,היהלומים 9,אשדוד
מודיעין ישפרו,,
עכו,בולטימור 2,עכו
ביג- פרדס חנה,,
קדימה,,
נתיבות,צומת בית הגדי,נתיבות
נהריה,היוצרים,נהרייה
כפר סבא,גלגלי פלדה 2,כפר סבא
פתח תקווה,הסיבים 37,פתח תקווה
אשקלון,המתכנן 8,אשקלון
כרמיאל,היוצרים 7,כרמיאל
נתניה האורזים,האורזים 4,נתניה
קרית שמונה,,קריית שמונה
יבנה,הקישון 9,יבנה
רחובות,קינד מוטי 1,רחובות
לוד,שד הציונות 1,לוד
ראשון לציון,שד דיין משה,ראשון לציון
חדרה,השלום 1,חדרה
בת ים,העמל 20,בת ים
רעננה,החרושת 12,רעננה
ביג באר שבע - חסום,המשק 1,באר שבע
עטרות,קניון עטרות,ירושלים
חולון,תמנע,חולון
אריאל,הבנאי 6,אריאל
ביג קריית גת,דרך הדרום 3,קריית גת
רמת החייל,דבורה הנביאה 127,תל אביב - יפו
אשקלון צפון,"צה""ל",אשקלון
עזריאלי חיפה,משה פירמן,חיפה
רמלה,שד הרצל 91,רמלה
צ'ק פוסט חיפה,בר יהודה ישראל 111,חיפה
אינטרנט באר שבע,,באר שבע
רמי לוי אור עקיבא,הכרמל 1,אור עקיבא
אדמירליטי,חלוצי התעשיה 73,חיפה
אור עקיבא,"תרנ""א 20",חדרה
ויוה חדרה,"תרנ""א 20",חדרה
שדרות,"משעול הל""ה 4",שדרות
רמת בית שמש,נהר הירקון 38,בית שמש
רובוטי ביג באר שבע,חלוצי התעשיה 73,חיפה
כרמי גת,153,קריית גת
ביג מגדל העמק,,
אופקים,2,אופקים
רמי לוי לעסקים חיפה,היהלום,נתניה
חולון (בשכונה),,
כפר סבא (בשכונה),,
הרטום נתניה (בשכונה),,
ויצמן נתניה (בשכונה),,
הרצל חדרה (בשכונה),,חדרה
הרצליה (בשכונה),,הרצליה
הוד השרון (בשכונה),,הוד השרון
רמי לוי בשכונה - אור יהודה,,
"רמי לוי בשכונה- אשדוד רובע י""ב",,
רמי לוי בשכונה- אלי כהן אשקלון 43,,
רגר באר שבע (בשכונה),,
גבעתיים (בשכונה),,
הנשיא חדרה (בשכונה),,חדרה
גבעת שמואל (בשכונה),,גבעת שמואל
אסתר המלכה תל אביב(בשכונה),,תל אביב
בן יהודה 174 (בשכונה),,תל אביב
שוקן (בשכונה),,תל אביב
"רשל""צ  (בשכונה)",,ראשון לציון
רמת גן (בשכונה),,
אבנת פתח תקווה (בשכונה),,
קריון (בשכונה),,
פרדסיה (בשכונה),,
עפולה (בשכונה),,
רעננה (בשכונה),,
ראש העין (בשכונה),,
"מ.ישראל רשל""צ (בשכונה)",,
רוטשילד פתח תקווה (בשכונה),,
שטמפפר פתח תקווה (בשכונה),,
החשמונאים (בשכונה),,
בן יהודה 23  (בשכונה),,
בית שמש,אלון יגאל 4,בית שמש
נתניה,המחקר 3,נתניה
אילת,הזגג 11,אילת
זכרון,,זכרון יעקב
בית שאן,,